0.000000000000000000e+00,0.000000000000000000e+00,0.000000000000000000e+00,0.000000000000000000e+00,0.000000000000000000e+00,0.000000000000000000e+00
2.540039096342692648e+00,3.675086521990992949e+00,2.207861983491918423e+00,3.671976414604784633e+00,5.209976388983610818e+00,-5.111697571501301773e+00
7.549132356383385201e+00,8.783239923155523599e+00,7.334144061412096960e+00,9.002107064418574112e+00,1.095123749999930851e+01,1.817543625362529058e-01
3.668224131734769244e+00,4.845658050303969233e+00,3.478713157094385000e+00,4.859265075545891044e+00,6.536817251561741315e+00,-3.887334851001802871e+00
-3.754025313676497166e+00,-6.092869017623462113e+00,-5.893028226140928361e+00,-6.080407948511163951e+00,-9.023323649277280367e+00,-9.354177422845337375e+00
0.000000000000000000e+00,0.000000000000000000e+00,0.000000000000000000e+00,0.000000000000000000e+00,0.000000000000000000e+00,0.000000000000000000e+00
-3.837947768495880485e+00,-6.287181033741389591e+00,-6.178115362933961130e+00,-6.239653955923403217e+00,-9.456875366871704713e+00,-9.356970509683467441e+00
-1.089380321417890096e+00,-4.717250416827194037e+00,-4.625128372554579315e+00,-4.790022217333711474e+00,-7.617946268741581761e+00,-7.767742402404759439e+00
4.698376844413308717e+00,-2.871975644746961542e+00,-3.154799911861250195e+00,-2.996707544289835656e+00,-4.966578020205829169e+00,-5.130737557367726076e+00
2.310361646886812670e-01,-4.864335207442366915e+00,-5.031950747356765952e+00,-5.113365061943871304e+00,-7.748333629806680278e+00,-8.062029682030217970e+00
0.000000000000000000e+00,0.000000000000000000e+00,0.000000000000000000e+00,0.000000000000000000e+00,0.000000000000000000e+00,0.000000000000000000e+00
1.230068585598908859e+00,-4.646463185603437296e+00,-4.623583999580484161e+00,-4.480424521588624032e+00,-8.646445413723274243e+00,-7.767244511612229729e+00
-1.917164648444591890e+00,-5.403752792201364841e+00,-5.324258735477705784e+00,-5.603581043278452967e+00,-8.048303485158957216e+00,-8.755358148581150246e+00
-7.513032181303677670e-02,-4.341880601797784678e+00,-4.310482170833444648e+00,-4.256915067976931866e+00,-7.134295980556010441e+00,-7.497025273908498377e+00
-2.009058234732330472e+00,-5.559365707114754862e+00,-5.114530532491723847e+00,-5.492259427162386132e+00,-9.093521517121995856e+00,-8.962640781263827350e+00
0.000000000000000000e+00,0.000000000000000000e+00,0.000000000000000000e+00,0.000000000000000000e+00,0.000000000000000000e+00,0.000000000000000000e+00
1.609895405425419312e+01,1.799904686471805348e+01,1.608426486360230356e+01,1.799853540288975040e+01,8.999398724410944794e+00,1.999999999999982236e+01
6.536817251561741315e+00,4.798476104948534271e+00,4.231698157233069857e+00,4.916917669596803542e+00,-3.862301940270238987e+00,3.614499917177299348e+00
1.258024999999936711e+01,1.041296723869853835e+01,8.060805966086428853e+00,1.053881721908582314e+01,1.780263279698157675e+00,9.109894171659020046e+00
7.933491843749248318e+00,6.180276636748604169e+00,5.687186776323102322e+00,6.143265275534832703e+00,-2.532917954339386490e+00,4.881403632177845786e+00
0.000000000000000000e+00,0.000000000000000000e+00,0.000000000000000000e+00,0.000000000000000000e+00,0.000000000000000000e+00,0.000000000000000000e+00
-2.113086905116099423e+00,-2.293047763563198949e+00,-2.274103432539357428e+00,3.946983671982860375e+00,-5.852241334972196007e+00,-6.025726611340721739e+00
2.824406242286811031e-01,8.130399501572835863e-01,-1.677842151621556921e-01,9.401238593172823954e+00,-2.716853974617834400e+00,-3.252270612456229504e+00
-1.769176012305216927e+00,-1.779851703600527024e+00,-1.350873224876949719e+00,5.207498013739634501e+00,-5.083018281810598893e+00,-5.421752266872599257e+00
-2.762528793219344969e+00,-5.876062060964054368e+00,-5.952599799431843586e+00,-5.961941012981638366e+00,-9.300445075330751266e+00,-9.041160529721869565e+00
0.000000000000000000e+00,0.000000000000000000e+00,0.000000000000000000e+00,0.000000000000000000e+00,0.000000000000000000e+00,0.000000000000000000e+00
-2.946530442263044502e+00,-6.030662073285085079e+00,-6.056750297075713441e+00,-6.087921714553088393e+00,-8.932087638451514877e+00,-9.240545610062456561e+00
3.691179986339953450e-03,-4.576948569866283734e+00,-4.446288113055596014e+00,-4.602633240250519009e+00,-8.474816478555563748e+00,-7.949273163716742197e+00
3.246164909386170638e+00,-3.070589828252508369e+00,-3.357869864785772318e+00,-3.088160139839506879e+00,-4.957908317257182063e+00,-4.562872768426545989e+00
-7.482770568354647489e-01,-5.073528260504800436e+00,-5.082336206367561893e+00,-4.967066787402643513e+00,-8.320422075643444160e+00,-8.832487279625746979e+00
0.000000000000000000e+00,0.000000000000000000e+00,0.000000000000000000e+00,0.000000000000000000e+00,0.000000000000000000e+00,0.000000000000000000e+00
1.346270754223765076e-01,-4.839227952683351042e+00,-4.820377271806786545e+00,-4.652639958820095956e+00,-7.856669998107492781e+00,-8.488407637333052591e+00
-7.999064554221047008e-01,-5.098451204381031054e+00,-5.297297396930131796e+00,-5.326103321604423790e+00,-9.394294181414789335e+00,-8.061839324396855133e+00
1.046055316473850638e+00,-4.064840944683287383e+00,-3.900594722035779505e+00,-4.289796303646998155e+00,-7.604664877547779867e+00,-6.767687792887247866e+00
-8.467392955900151508e-01,-5.268694836339216536e+00,-5.452518519667245656e+00,-5.482725480881118330e+00,-8.741365797185423503e+00,-8.883676805931651543e+00
0.000000000000000000e+00,0.000000000000000000e+00,0.000000000000000000e+00,0.000000000000000000e+00,0.000000000000000000e+00,0.000000000000000000e+00
4.748413038760484817e+00,3.633291208542686945e+00,3.932840046253375910e+00,1.799853258850142268e+01,2.060586678470463173e+00,1.598182817646982112e+00
7.362378589105541771e+00,-1.600191789448017321e+00,-1.829305698983858752e+00,-9.005110308677173325e-01,-4.457355321223396949e+00,-4.503471739165538779e+00
2.858069411280531047e-01,1.229409408642565538e-01,-2.797766025074708840e-01,1.068839186785151441e+01,-1.212553211759703098e+00,-1.457642012879285298e+00
8.883438057090161877e+00,-1.184253819301228194e+00,-9.252920140069519350e-01,-9.027587093585666134e-01,-2.324225389547475373e+00,-2.283433687581767124e+00
0.000000000000000000e+00,0.000000000000000000e+00,0.000000000000000000e+00,0.000000000000000000e+00,0.000000000000000000e+00,0.000000000000000000e+00
-1.910798186426272194e+00,-5.722496428327537465e+00,-5.737900501744497284e+00,-5.764556952148412350e+00,-8.175474278561921437e+00,-9.960966689443679911e+00
2.207573555261208575e+00,-4.015121796347409067e+00,-3.808868468398730389e+00,-3.878036548327942867e+00,-6.067381293996919389e+00,-6.921336790546233075e+00
-9.951789881707178154e-01,-5.218635276713126991e+00,-5.243265811279440136e+00,-5.302434681425270746e+00,-8.018197966821457356e+00,-8.581374770699456533e+00
-3.563939530031190461e+00,-3.677708869764852118e+00,2.354023692999922979e+00,-3.653292035538130644e+00,-6.654271027585938469e+00,-7.150035138650516764e+00
0.000000000000000000e+00,0.000000000000000000e+00,0.000000000000000000e+00,0.000000000000000000e+00,0.000000000000000000e+00,0.000000000000000000e+00
-3.424225676176871236e+00,-3.270314833681267963e+00,2.637107668752333822e+00,-3.391140237692056747e+00,-6.950202094811220199e+00,-6.920329474645968482e+00
-1.871893014232086205e+00,-2.055234185045235140e+00,5.993820535621994239e+00,-2.252557867998131513e+00,-4.650652534254234638e+00,-4.858879347625993717e+00
2.151047992889681737e+00,-4.049522714372556287e+00,-4.185911249318117200e+00,-4.050215062261419696e+00,-7.233583279796155452e+00,-6.566955728169149076e+00
-1.854171435508457089e+00,-6.193348227444330334e+00,-6.192522166803234640e+00,-6.096668575378449084e+00,-9.141574535167810822e+00,-9.917715600654009478e+00
0.000000000000000000e+00,0.000000000000000000e+00,0.000000000000000000e+00,0.000000000000000000e+00,0.000000000000000000e+00,0.000000000000000000e+00
-9.084700575699939940e-01,-5.719378883597243224e+00,-5.805454235227725412e+00,-5.680227056010457964e+00,-1.032040382679955215e+01,-9.908059959973593678e+00
8.347101952253120627e-02,-4.383527585033274221e+00,-4.321071373995662768e+00,-4.392326217466631100e+00,-6.491297776103849948e+00,-7.678970507036015469e+00
2.267901628139219916e+00,-3.024119350346876178e+00,-3.158948694669674317e+00,-3.395761774171282887e+00,-6.039551574530254818e+00,-6.520210578400981838e+00
1.151810878304465463e-01,-4.477136046197519370e+00,-4.410934274357861007e+00,-4.474596221834250542e+00,-7.944772331834447421e+00,-8.134872204330740431e+00
0.000000000000000000e+00,0.000000000000000000e+00,0.000000000000000000e+00,0.000000000000000000e+00,0.000000000000000000e+00,0.000000000000000000e+00
8.877771142620035860e+00,-7.494629082976284051e-01,-2.241293004330629501e-01,-7.863380022873640574e-01,-2.647054730258827870e+00,-3.032169777922343989e+00
3.227899628400301424e-01,1.804881350918594030e-01,1.154850628564810755e+01,1.058431742508404438e-01,-5.007456658267209759e-01,-4.905959076665827312e-01
3.141446896486352447e+00,-1.656941375600036181e+00,-1.552550737320071539e+00,-1.598221243641954059e+00,-3.676111574483069244e+00,-2.691643126210129910e+00
-3.115378510949045054e-01,-5.964814498067327886e-01,4.373230911021343204e+00,-5.627379145727308130e-01,-1.530658674896081095e+00,-1.031261850629080490e+00
0.000000000000000000e+00,0.000000000000000000e+00,0.000000000000000000e+00,0.000000000000000000e+00,0.000000000000000000e+00,0.000000000000000000e+00
-2.630611041047274057e+00,-5.967248357903452316e+00,-6.018947695231571693e+00,-5.948612783779345214e+00,-9.309605317225004839e+00,-9.260005722838368314e+00
1.327075691480874786e+00,-3.982200652851297207e+00,-4.207058433272574227e+00,-3.829675586863801051e+00,-7.554492846682113516e+00,-6.509994941584245964e+00
-1.680736277591725392e+00,-5.299315226139351687e+00,-5.529466235529773677e+00,-5.326266329071287053e+00,-8.517534206325676038e+00,-8.256110249560361325e+00
-2.413351909249787930e+00,-1.580995003778886687e+00,3.949256827752534171e+00,-2.601865348122038846e+00,-6.538253787127837668e+00,-6.239653998142853375e+00
0.000000000000000000e+00,0.000000000000000000e+00,0.000000000000000000e+00,0.000000000000000000e+00,0.000000000000000000e+00,0.000000000000000000e+00
-1.885068612898179063e+00,-1.604519981501387749e+00,3.949432616964693388e+00,-2.863908246216964493e+00,-6.001533488318925968e+00,-6.223304172769809739e+00
2.660383138783841139e-01,3.381726300912759053e-01,7.933282152955101196e+00,-1.151615723540816427e+00,-3.514328146180170531e+00,-4.126913577108427766e+00
1.265925951232414803e+00,-4.243271302342776607e+00,-4.499947466010292274e+00,-4.094073445669949685e+00,-8.026948770333881100e+00,-7.071441349696327983e+00
-2.421095033842949995e+00,-6.072199510326605321e+00,-6.387205341997151287e+00,-5.902052494009022432e+00,-1.011013590526049200e+01,-1.025422195338896891e+01
0.000000000000000000e+00,0.000000000000000000e+00,0.000000000000000000e+00,0.000000000000000000e+00,0.000000000000000000e+00,0.000000000000000000e+00
-1.731584161528570531e+00,-5.899840027888566318e+00,-6.103148158370964360e+00,-6.006715129849504287e+00,-9.134754864262202290e+00,-9.390462061274922334e+00
1.319858780924420216e+00,-3.903178776325744614e+00,-4.387079536773583754e+00,-4.283638912151985778e+00,-6.842798987145266132e+00,-6.936132923986452425e+00
3.528915026876655148e+00,-2.929347794938173877e+00,-3.185872297719150481e+00,-3.118716871788637324e+00,-5.799173254852792780e+00,-6.310230865572934889e+00
1.333189065794895267e+00,-4.222574183727999753e+00,-4.322634205672689411e+00,-4.364496728040585083e+00,-6.986707363644528712e+00,-7.678833753273694107e+00
0.000000000000000000e+00,0.000000000000000000e+00,0.000000000000000000e+00,0.000000000000000000e+00,0.000000000000000000e+00,0.000000000000000000e+00
7.933491843749248318e+00,6.072273003868237318e+00,4.772469106113724102e+00,5.768344705046108523e+00,-2.518024565010133387e+00,-2.573391802451349797e+00
6.901641667328678231e+00,8.298630857410838502e+00,1.799999995183133095e+01,3.449356291932512253e+00,3.474017842181944093e+00,3.164190491505951552e+00
7.908981595787575536e+00,-5.283810644948346846e-01,-8.124629366168080180e-01,-1.596727326437483496e+00,-3.717104000051237644e+00,-3.641660472539499871e+00
1.256351101043243546e+01,8.881844654695247865e-01,1.042813798361790001e+00,-4.195190695281327820e-01,-6.485332044641411997e-01,-8.610243096689390585e-01
0.000000000000000000e+00,0.000000000000000000e+00,0.000000000000000000e+00,0.000000000000000000e+00,0.000000000000000000e+00,0.000000000000000000e+00
-3.798413943186722541e+00,-6.187216837946182046e+00,-6.222469395009778026e+00,-6.101870828826929660e+00,-1.033131673404501427e+01,-9.834512710705800131e+00
-3.815674169078522859e-01,-4.323775229490280481e+00,-4.357533958887514380e+00,-4.139531568660351546e+00,-7.601286944505846854e+00,-7.627684143024312746e+00
-2.975143631659701970e+00,-5.639009837210900322e+00,-5.586865544789835880e+00,-5.440980273861481642e+00,-9.015472534195023258e+00,-8.324022282482111734e+00
2.484814957981096306e+00,3.535355895737153809e+00,3.599237583953430075e+00,2.329226442594997337e+00,5.209976388983610818e+00,-5.089910932605228311e+00
0.000000000000000000e+00,0.000000000000000000e+00,0.000000000000000000e+00,0.000000000000000000e+00,0.000000000000000000e+00,0.000000000000000000e+00
2.373820779633929234e+00,3.612897551116025063e+00,3.618502614912932458e+00,2.376534991179094281e+00,5.209976388983610818e+00,-5.172129570519721220e+00
6.239211903654757307e+00,7.584667648088164071e+00,7.576179293825629379e+00,6.063214540381988371e+00,9.403675624999255689e+00,-1.211785242226564252e+00
-2.140947242345106194e-01,-4.605835326003878016e+00,-4.490446233360894546e+00,-4.156397778127739251e+00,-7.623546289415497945e+00,-6.884626411299375803e+00
-6.437866953726412156e+00,-6.636854542338176621e+00,-6.599079636971989515e+00,-3.814493170608540318e+00,-1.096219778704628922e+01,-1.036627888547682907e+01
0.000000000000000000e+00,0.000000000000000000e+00,0.000000000000000000e+00,0.000000000000000000e+00,0.000000000000000000e+00,0.000000000000000000e+00
-3.004093577422493500e+00,-6.104942053742946406e+00,-6.224195860398738844e+00,-5.925747586576822989e+00,-9.942658838366313034e+00,-9.643690212482898261e+00
-1.243933065244824943e-01,-4.395015900254481522e+00,-4.378784831854797055e+00,-4.129264595383321357e+00,-8.384498607623905642e+00,-8.034868155694109504e+00
2.131318369508207855e+00,-3.192955139964889444e+00,-3.291095364096900955e+00,-2.987250484785694216e+00,-5.707807458208651319e+00,-5.755054457193359063e+00
-3.980726612389828140e-02,-4.417279892102164318e+00,-4.349989550932602533e+00,-4.050095368689724751e+00,-6.817201589421563845e+00,-7.809519640786708905e+00
0.000000000000000000e+00,0.000000000000000000e+00,0.000000000000000000e+00,0.000000000000000000e+00,0.000000000000000000e+00,0.000000000000000000e+00
5.691245014575883054e+00,4.912051347805245882e+00,4.832301689640126519e+00,6.536817251561741315e+00,-3.889679562623130415e+00,3.669216711878496184e+00
1.609840546983742371e+01,1.799885991870579005e+01,1.799922632963833280e+01,1.609899717856596624e+01,8.999512498638004843e+00,1.999999999999982236e+01
6.536817251561741315e+00,4.808697010265374772e+00,4.791611149249648705e+00,5.864211526976842670e+00,-3.840883834157777788e+00,3.678412162476146996e+00
1.095123749999930851e+01,8.946669968745672108e+00,9.065383833697472582e+00,1.001157788414131389e+01,2.307047966130602867e-01,7.482725480778237070e+00
0.000000000000000000e+00,0.000000000000000000e+00,0.000000000000000000e+00,0.000000000000000000e+00,0.000000000000000000e+00,0.000000000000000000e+00
1.144062320413518297e+00,3.949477569534407984e+00,1.216253834733248995e+00,2.259872308441349009e+00,-6.290673135751418066e+00,-6.273182597454107778e+00
5.829143094450754070e+00,9.403675624999255689e+00,5.936372500943901898e+00,7.466152688305198737e+00,-1.229685558041541116e+00,-1.230997101106078961e+00
2.284075024489268912e+00,5.209976388983610818e+00,2.419335957296518735e+00,3.598712982860763798e+00,-5.109832446558336905e+00,-5.096805511343425188e+00
-2.416880418576869527e+00,-5.912956963570491276e+00,-5.191837915302135009e+00,-5.575712111286460271e+00,-8.930868241614419389e+00,-9.534630454985546066e+00
0.000000000000000000e+00,0.000000000000000000e+00,0.000000000000000000e+00,0.000000000000000000e+00,0.000000000000000000e+00,0.000000000000000000e+00
-2.414278001365926407e+00,-6.028391302809843921e+00,-5.295075518741087173e+00,-5.764960910541996775e+00,-1.015824075226282197e+01,-1.010183433780820650e+01
5.083183892567290085e-01,-4.404309728220430209e+00,-3.632227070048713369e+00,-3.994403913702728737e+00,-7.364188770059078237e+00,-7.743834984582464109e+00
6.534567106665021718e+00,-1.757530343587585309e+00,-1.396417555638963748e+00,-5.140579120529685797e-01,-4.762958489486608826e+00,-4.606673149207332507e+00
1.613704194174839568e+00,-4.358113847446575484e+00,-3.949645173197802173e+00,-3.943682957577689052e+00,-7.766572910531632346e+00,-8.117850133803834467e+00
0.000000000000000000e+00,0.000000000000000000e+00,0.000000000000000000e+00,0.000000000000000000e+00,0.000000000000000000e+00,0.000000000000000000e+00
2.751023702354334244e+00,-3.790980302775606603e+00,-3.658606549319659784e+00,-2.870312697007681546e+00,-6.442984690568872352e+00,-7.102964890179375601e+00
-4.511837639238268416e+00,-5.256004191823670624e+00,-5.138966385076549903e-01,-4.629014984079617534e+00,-8.391301648611419139e+00,-8.143195816043817814e+00
1.595775863927225924e+00,-3.968256837878917143e+00,-3.287108324292230765e+00,-3.294034515565628762e+00,-7.614207340105576094e+00,-7.363351043781112715e+00
-5.105924119945508544e-01,-5.179499297530604451e+00,-4.441615474591034562e+00,-4.675677663188904987e+00,-8.866065547760021204e+00,-8.877070640957127168e+00
0.000000000000000000e+00,0.000000000000000000e+00,0.000000000000000000e+00,0.000000000000000000e+00,0.000000000000000000e+00,0.000000000000000000e+00
1.429398937998939800e+01,1.799999999999965183e+01,1.429372770321444186e+01,1.609933179979720919e+01,7.099700452584483124e+00,7.099658139689814185e+00
7.933491843749248318e+00,4.888461518318017340e+00,7.449035655370340514e+00,6.007295843415491277e+00,-2.529313843669242168e+00,-2.508577415317267967e+00
1.429499999999942617e+01,1.060012736498791242e+01,1.024983559989651027e+01,1.223112451533565270e+01,3.429148150855720889e+00,3.451460678423420525e+00
9.403675624999255689e+00,6.151516901148355920e+00,8.630043890428529707e+00,7.563022318091856100e+00,-1.178815901346458750e+00,-1.146943294385142087e+00
0.000000000000000000e+00,0.000000000000000000e+00,0.000000000000000000e+00,0.000000000000000000e+00,0.000000000000000000e+00,0.000000000000000000e+00
7.742836033737579560e-02,1.774476326444862417e+00,8.269761671075405163e-01,2.752003691057665513e+00,-7.220132094962302460e+00,-7.372260350459085565e+00
4.301493948944136392e+00,6.293197947904356937e+00,5.556176525532504407e+00,7.933491843749248318e+00,-2.649962679518123032e+00,-2.663483206334214870e+00
1.025719095083054810e+00,2.889387438578807643e+00,1.994795698514695736e+00,3.949477569534407984e+00,-6.265534270691133223e+00,-6.229291589998813272e+00
-1.476046245677578916e+00,-5.598158826565356350e+00,-5.150415538422479678e+00,-5.397011746986417613e+00,-9.544174978749751403e+00,-8.688552194354153713e+00
0.000000000000000000e+00,0.000000000000000000e+00,0.000000000000000000e+00,0.000000000000000000e+00,0.000000000000000000e+00,0.000000000000000000e+00
-1.478685290475218572e+00,-5.759268775849013977e+00,-5.325196816470453953e+00,-5.446973238627074387e+00,-8.958343731612869121e+00,-1.030653202969230264e+01
1.602707818186183575e+00,-3.994139912350090249e+00,-3.620763352310471195e+00,-3.920042222554037892e+00,-7.554928559411819400e+00,-7.640146087383461015e+00
5.207582386771205663e+00,-2.969398897908411161e+00,-1.247331456201449695e+00,-1.610805403718186035e+00,-5.093151732988383529e+00,-5.741310947632100259e+00
5.322507299991898755e-01,-4.644254928859393949e+00,-4.165587744411412885e+00,-3.624129916568875398e+00,-8.019808364956086066e+00,-8.113935919466118918e+00
0.000000000000000000e+00,0.000000000000000000e+00,0.000000000000000000e+00,0.000000000000000000e+00,0.000000000000000000e+00,0.000000000000000000e+00
1.612189347495519121e+00,-4.285221278442596926e+00,-4.078355343919835896e+00,-3.222778569364818324e+00,-7.485793919115899087e+00,-8.025112201475460338e+00
5.336528511413736187e-01,-4.380545118949340733e+00,-3.283632961764644698e+00,-4.169578607965513939e+00,-8.514840013658465878e+00,-8.597152304113130583e+00
2.745198498672082543e+00,-3.839696750049581109e+00,-3.271759980602524820e+00,-3.315224436747794989e+00,-7.085862394759225857e+00,-6.726646577233209356e+00
5.286605485615682998e-01,-4.718960391729865478e+00,-4.368696405267685989e+00,-4.786920965046635779e+00,-8.364691192619044813e+00,-8.412652536001914427e+00
0.000000000000000000e+00,0.000000000000000000e+00,0.000000000000000000e+00,0.000000000000000000e+00,0.000000000000000000e+00,0.000000000000000000e+00
5.616963927307118354e+00,6.189230568721296066e+00,6.268332650565183961e+00,1.609999903512439090e+01,1.877149114482206560e+00,2.363202087857190659e+00
9.403615562332628741e+00,1.980356954015564386e-01,1.150370691771167131e+00,1.148872804583010554e+00,-2.571912334156380542e+00,-2.080635546721014695e+00
1.257956907803196955e+01,1.965305973160997421e+00,2.011652004322804999e+00,4.328819774009976307e+00,-4.568355530975927170e-01,-8.631706022551428603e-01
1.095115131677395581e+01,7.922107070002342155e-01,2.788835629283173301e+00,2.213783296129606448e+00,-1.918968651309078677e+00,-1.244260546449157401e+00
0.000000000000000000e+00,0.000000000000000000e+00,0.000000000000000000e+00,0.000000000000000000e+00,0.000000000000000000e+00,0.000000000000000000e+00
-4.964491912202555479e-01,-5.525505736800847778e+00,-5.072372987382888887e+00,-4.673389739774537865e+00,-9.027583103935826969e+00,-8.853821849955419765e+00
3.946238459706020940e+00,-3.397777520385480976e+00,-2.541954018833636475e+00,-2.417463325587307921e+00,-6.330875905398741565e+00,-6.657639568637920391e+00
5.296630676521646430e-01,-4.750696160021044889e+00,-4.363516521887576438e+00,-4.039210365438894001e+00,-8.382102818174114844e+00,-8.666950213891936983e+00
-3.719551397661116532e+00,-3.508878123838484964e+00,1.594780925021273665e+00,-3.662756094390479777e+00,-7.271693647074737754e+00,-7.573946649618805260e+00
0.000000000000000000e+00,0.000000000000000000e+00,0.000000000000000000e+00,0.000000000000000000e+00,0.000000000000000000e+00,0.000000000000000000e+00
-1.582968600823869254e+00,-7.021131583170648893e-01,1.614403506504770824e+00,-6.633999758967933369e-01,-8.069809477245835083e+00,-8.307302645584584866e+00
-1.696715149246121879e+00,-2.131236492104317204e+00,5.192370339747129471e+00,-2.204097753847821473e+00,-4.737001353657441349e+00,-5.936044959226621565e+00
3.945633250221047827e+00,-3.515986244113117554e+00,-2.611791021713822047e+00,-2.858714667902178430e+00,-6.109604721950557149e+00,-6.771683993358491804e+00
-4.959546730558368477e-01,-5.558051211517994084e+00,-5.377000116367893767e+00,-5.135368791827175983e+00,-9.206913046300911674e+00,-9.679623146253863553e+00
0.000000000000000000e+00,0.000000000000000000e+00,0.000000000000000000e+00,0.000000000000000000e+00,0.000000000000000000e+00,0.000000000000000000e+00
5.310988708666171121e-01,-5.417277986058810058e+00,-5.163485473281931526e+00,-4.286392924855046083e+00,-9.145775025903335020e+00,-9.447524332426164406e+00
1.611627787262277955e+00,-3.927097433496241852e+00,-3.896480444465063808e+00,-3.510492576337624904e+00,-7.374003653515103451e+00,-6.712442591561159411e+00
3.945329793442795552e+00,-2.771599645505617104e+00,-1.647342654445910659e+00,-2.108698140847618863e+00,-5.638008489300719184e+00,-5.324976831783233777e+00
1.612495987874679182e+00,-4.038039076928066962e+00,-2.361272243950589544e+00,-3.532683757006747527e+00,-7.598716784339077712e+00,-7.764117171993873967e+00
0.000000000000000000e+00,0.000000000000000000e+00,0.000000000000000000e+00,0.000000000000000000e+00,0.000000000000000000e+00,0.000000000000000000e+00
1.095119193994385753e+01,6.404196979258668376e-01,1.396493605357370660e+00,2.030387911724072403e+00,-1.561316512324616879e+00,-1.359131897487361629e+00
4.895306497535987234e+00,2.149660325092988433e+00,1.429498939833372972e+01,4.942465724320597609e+00,1.410507277553416788e-02,1.029857930035793512e+00
1.095067258147626355e+01,-1.032830388436010605e+00,1.480527140903476369e+00,2.358612129574517269e+00,-1.968846123935814374e+00,-1.475096485792030565e+00
1.257948397859365031e+01,-3.620701887026712973e-03,3.859083245588339484e+00,3.238634911343339695e+00,-3.749917364557989741e-01,-6.671113852893766349e-01
0.000000000000000000e+00,0.000000000000000000e+00,0.000000000000000000e+00,0.000000000000000000e+00,0.000000000000000000e+00,0.000000000000000000e+00
-1.468409917253620245e+00,-5.514300127273157770e+00,-5.275755902597878411e+00,-4.413342694914643261e+00,-1.014900403113229110e+01,-1.031196701004401639e+01
2.751950686420741476e+00,-2.921023968476320398e+00,-3.092658212931169714e+00,-2.216245881925236194e+00,-6.606284604582071118e+00,-6.783069365188052480e+00
-4.930725601558716975e-01,-4.660838816775038751e+00,-4.776479745889374406e+00,-3.736365613272688790e+00,-8.875816155650587902e+00,-9.229165610634471051e+00
-3.359590100467118451e-02,1.562435644438122884e+00,2.752003691057665513e+00,-5.538871111433455452e-01,-7.210834386744301661e+00,-7.274283307289586276e+00
0.000000000000000000e+00,0.000000000000000000e+00,0.000000000000000000e+00,0.000000000000000000e+00,0.000000000000000000e+00,0.000000000000000000e+00
-2.795721559340570983e-01,1.891794174483344637e+00,2.752003691057665513e+00,-2.929068256834915784e-01,-7.302509091182443512e+00,-7.409607436726296292e+00
2.997839443864699582e+00,5.295408681388574124e+00,6.536817251561741315e+00,2.494359460948696317e+00,-3.863185835005575886e+00,-3.955793622575357826e+00
2.751961782196108430e+00,-3.549334379223137770e+00,-2.803859623336587781e+00,-1.538736866496309030e+00,-7.051347294147339184e+00,-6.477229962699300181e+00
-1.468417060000749119e+00,-5.418325299909971804e+00,-5.939549125470702684e+00,-5.034764150998964460e+00,-1.033868329532554853e+01,-1.075021655243708807e+01
0.000000000000000000e+00,0.000000000000000000e+00,0.000000000000000000e+00,0.000000000000000000e+00,0.000000000000000000e+00,0.000000000000000000e+00
-4.930667045611969446e-01,-5.250328141410242289e+00,-4.905290195307554946e+00,-3.692958817789621762e+00,-1.003134928059491493e+01,-9.787988801872742783e+00
2.751994180058772610e+00,-3.040076846662019161e+00,-2.542941394273130484e+00,-2.471827707922542139e+00,-7.208466447569830571e+00,-7.214153488724446284e+00
5.208713089450154321e+00,-2.234560254044279937e+00,-2.607782384456748925e+00,-1.638938915737867319e+00,-5.086160176521314469e+00,-4.784179838496512183e+00
2.751999151613583106e+00,-2.977709262572986404e+00,-2.476400001855972199e+00,-2.369043599730020766e+00,-7.473985153686641958e+00,-7.519615408566694192e+00
0.000000000000000000e+00,0.000000000000000000e+00,0.000000000000000000e+00,0.000000000000000000e+00,0.000000000000000000e+00,0.000000000000000000e+00
9.403675624999255689e+00,6.226597334531174255e+00,5.579581322349677741e+00,8.834588184168467251e+00,-1.139502955378898230e+00,-1.137235069174126867e+00
1.257893400224265790e+01,1.609744324707423857e+01,1.609999999999948983e+01,1.257431110661634932e+01,5.294265725811951206e+00,5.294392793353237536e+00
9.403675624999255689e+00,5.648297662711288858e+00,5.924183243021911238e+00,8.909550027556724316e+00,-1.157355084314578564e+00,-1.138683558249130812e+00
1.429499999999942617e+01,1.002375669742596465e+01,1.050408395516189053e+01,1.046450703795611581e+01,3.424151135300921300e+00,3.427030333184552635e+00
0.000000000000000000e+00,0.000000000000000000e+00,0.000000000000000000e+00,0.000000000000000000e+00,0.000000000000000000e+00,0.000000000000000000e+00
-5.802835656835836353e+00,-5.972044838838526992e+00,-5.865191165827997821e+00,-2.423405523275627083e+00,-9.003059508832439661e+00,-9.663572901613120436e+00
-3.267130630882101094e+00,-4.230012956482387843e+00,-3.584192776028831240e+00,1.569890719019159109e+00,-7.696193383415344869e+00,-6.902341069715373756e+00
-5.194674355367996377e+00,-5.464743062705955445e+00,-5.152414352469290471e+00,-1.502094317858255312e+00,-8.994876336585985399e+00,-8.599835569974239036e+00
1.034220122629394556e+00,3.949477569534407984e+00,2.370788582115338272e+00,1.343514733784346715e+00,-6.311563581151473201e+00,-6.278394744036795316e+00
0.000000000000000000e+00,0.000000000000000000e+00,0.000000000000000000e+00,0.000000000000000000e+00,0.000000000000000000e+00,0.000000000000000000e+00
1.065523684858231235e+00,3.949477569534407984e+00,2.301528719153163038e+00,1.147311824559542615e+00,-6.294354653925562815e+00,-6.296433248174866826e+00
4.672745209345634976e+00,7.933491843749248318e+00,5.936704412380318985e+00,4.782336247021989450e+00,-2.585156615187930385e+00,-2.578018873677947909e+00
-3.494135230405476022e+00,-4.236343872960096846e+00,-3.727970754279633869e+00,1.585600416632372944e+00,-7.800709039722613092e+00,-7.319913901707387538e+00
-6.269004049002494305e+00,-6.428161456742964575e+00,-6.406272550835093504e+00,-2.752705244880043978e+00,-9.815990335498579356e+00,-9.800499657683682031e+00
0.000000000000000000e+00,0.000000000000000000e+00,0.000000000000000000e+00,0.000000000000000000e+00,0.000000000000000000e+00,0.000000000000000000e+00
-5.671571540373776976e+00,-6.080242272790004954e+00,-5.599330288495328212e+00,-1.498591567292707705e+00,-8.939752131123352541e+00,-9.552468826676717484e+00
-3.259027505366659749e+00,-3.924122593777787937e+00,-3.714317765919974423e+00,1.587724797307776159e+00,-7.603537617666580317e+00,-6.797071163284549300e+00
3.922898997922341202e+00,-2.628446838080123804e+00,-2.290783505271306808e+00,-1.262613687133533169e+00,-5.829941719320381743e+00,-4.382618753995061844e+00
-2.982056910991537357e+00,-4.163181166948049849e+00,-3.556704218244851390e+00,1.599988716135321676e+00,-6.695190517366601313e+00,-6.822223023234859518e+00
0.000000000000000000e+00,0.000000000000000000e+00,0.000000000000000000e+00,0.000000000000000000e+00,0.000000000000000000e+00,0.000000000000000000e+00
-3.684048216861393610e-01,-4.615383154773333163e-01,-8.135441357245715155e-01,7.902526953619654293e+00,-2.821737435886876977e+00,-2.917839508297254802e+00
1.429351309084464106e+01,1.799999999999965183e+01,1.609920989315014239e+01,1.429400860554800090e+01,7.099679259901649608e+00,7.099446832754051862e+00
7.240259768223036296e+00,4.753360481291519335e+00,6.204852366385376961e+00,7.933491843749248318e+00,-2.544309862031390868e+00,-2.540527370011698594e+00
1.171608122242393435e+01,8.767731693500953938e+00,1.035756797240679283e+01,1.258024999999936711e+01,1.785057237824740017e+00,1.790498651357959492e+00
0.000000000000000000e+00,0.000000000000000000e+00,0.000000000000000000e+00,0.000000000000000000e+00,0.000000000000000000e+00,0.000000000000000000e+00
-2.807212325929637764e+00,2.751983966500441969e+00,-2.741512951021618960e+00,-2.246356586842760183e+00,-7.138023854491724940e+00,-7.098637512002016869e+00
2.598281192412882357e-02,7.933476979228730741e+00,1.007244769174707066e+00,9.726211926940383501e-01,-4.156394889411265225e+00,-3.584599494270755748e+00
-2.273500759278967109e+00,3.949463676120793743e+00,-1.684134245731674140e+00,-1.382104154497606041e+00,-6.332397649210790291e+00,-5.942296603040318814e+00
-5.046344417203671995e+00,-5.010396598256150469e+00,-1.468355312225591236e+00,-4.353307818931187789e+00,-1.000446149189811429e+01,-9.467096245418426648e+00
0.000000000000000000e+00,0.000000000000000000e+00,0.000000000000000000e+00,0.000000000000000000e+00,0.000000000000000000e+00,0.000000000000000000e+00
-5.244481870264230849e+00,-5.147121971453303857e+00,-1.468355491795355627e+00,-4.255786496990327628e+00,-1.010508655872075323e+01,-1.066510140567884513e+01
-3.026399784442839636e+00,-3.276949056079597522e+00,1.614400167507756834e+00,-2.323821658544580337e+00,-7.481231282112216441e+00,-7.468357712203258281e+00
7.933491843749248318e+00,4.413625708409972148e+00,4.575044278588539015e+00,5.954827747140241101e+00,-2.609714516902294168e+00,-2.638816678693012729e+00
2.752003691057665513e+00,7.788154279531614432e-02,1.969732247018314841e-01,1.008831683029556059e+00,-7.463603039381746740e+00,-7.500980488838025373e+00
0.000000000000000000e+00,0.000000000000000000e+00,0.000000000000000000e+00,0.000000000000000000e+00,0.000000000000000000e+00,0.000000000000000000e+00
3.949477569534407984e+00,1.095431773745337622e+00,1.194312275896434183e+00,2.364571360597165661e+00,-6.306630720558787040e+00,-6.332226283959207613e+00
-4.300434648136847393e+00,-4.591856060953023011e+00,5.331683516228170605e-01,-3.880597041757878340e+00,-8.363834210577760331e+00,-8.726384796750775052e+00
-2.648782477681361325e+00,-2.524449551377386136e+00,2.752001558052212360e+00,-1.332956616786550308e+00,-7.099003928105462435e+00,-6.817373491488444515e+00
-4.084171429512499785e+00,-3.844340893079674526e+00,5.336817477150358480e-01,-3.274572576309500604e+00,-8.848897577550056681e+00,-8.506338079193390911e+00
0.000000000000000000e+00,0.000000000000000000e+00,0.000000000000000000e+00,0.000000000000000000e+00,0.000000000000000000e+00,0.000000000000000000e+00
1.257946683887110773e+01,1.609999999999948983e+01,1.257978198440624062e+01,1.429424046884430233e+01,5.294130786324859450e+00,5.294575329759428683e+00
6.525745059354769673e+00,6.525915331477890824e+00,9.403675624999255689e+00,7.917049752872097557e+00,-1.070305000584619526e+00,-1.073323726857625671e+00
1.609999999999948983e+01,1.257969310967645882e+01,1.257932757971178006e+01,1.429449278284717195e+01,5.294758788838016983e+00,5.294726226847626727e+00
7.921186464256722459e+00,7.914140037464878041e+00,1.095123749999930851e+01,9.382717521085972123e+00,3.966427416790874183e-01,3.978515403602337908e-01
0.000000000000000000e+00,0.000000000000000000e+00,0.000000000000000000e+00,0.000000000000000000e+00,0.000000000000000000e+00,0.000000000000000000e+00
-1.415928509152720283e+00,1.614403506504770824e+00,-1.082348408799993722e+00,6.791945336370971420e-01,-8.413378219065842600e+00,-8.415403048016305121e+00
2.772799370966656518e+00,6.536817251561741315e+00,2.859482828315089264e+00,5.436458844063796647e+00,-4.068051478274162136e+00,-4.064511597912560781e+00
-4.205774358415840797e-01,2.752003691057665513e+00,-3.806640838223279699e-01,1.853120730194252941e+00,-7.473964274063474633e+00,-7.213510208438380644e+00
-3.629996660087045246e+00,-3.658214565826999998e+00,-4.930008353859776649e-01,-3.579319053356353031e+00,-1.007938814167947683e+01,-1.011627593484925391e+01
0.000000000000000000e+00,0.000000000000000000e+00,0.000000000000000000e+00,0.000000000000000000e+00,0.000000000000000000e+00,0.000000000000000000e+00
-3.962243540089313676e+00,-3.639052025078561847e+00,-4.930008354013878380e-01,-3.584423685739875243e+00,-1.003416838065154160e+01,-1.020368337447168727e+01
-1.533349110500500823e+00,-1.421536644525982274e+00,2.752003691050762146e+00,-1.027346348962672185e+00,-7.201427382377501019e+00,-7.483781480334867453e+00
3.148637313537674842e+00,2.905819304002370984e+00,3.355896220658903584e+00,6.536817251561741315e+00,-3.965410298673249567e+00,-4.065666434777043037e+00
-1.171868146608089134e+00,-1.203186840023222182e+00,-9.236222820583960269e-01,1.614403506504770824e+00,-8.516017331426569470e+00,-8.482194949624718205e+00
0.000000000000000000e+00,0.000000000000000000e+00,0.000000000000000000e+00,0.000000000000000000e+00,0.000000000000000000e+00,0.000000000000000000e+00
-1.533484491598595956e-01,-1.583113706301910451e-01,-6.413189901032935458e-02,2.752003691057665513e+00,-7.496384465533656005e+00,-7.429811718657115982e+00
-2.148049744437503961e+00,-2.273695319386487945e+00,1.614403506504078489e+00,-1.987423291696400751e+00,-8.139107901592936400e+00,-8.429543558325018893e+00
-5.760926435601027018e-01,-3.252955479459567756e-01,3.949477569533314192e+00,1.274221586119287930e-01,-6.361433960806164301e+00,-6.286120072621834254e+00
-2.685743827160460562e+00,-2.318411117139275834e+00,1.614403506504501928e+00,-2.063599830956095449e+00,-8.416372258053433697e+00,-8.263241899423487524e+00
0.000000000000000000e+00,0.000000000000000000e+00,0.000000000000000000e+00,0.000000000000000000e+00,0.000000000000000000e+00,0.000000000000000000e+00
1.084134260831405250e+01,1.427221098498062624e+01,1.093572372001809967e+01,1.429499999999942617e+01,3.572855157278910010e+00,3.574820581231752392e+00
7.835479067413381848e+00,7.902973932387679312e+00,1.095123749999930851e+01,7.923786172616599899e+00,3.993514121533184857e-01,3.982677683404594049e-01
1.081912269777591185e+01,1.092340812067601696e+01,1.094545172372315456e+01,1.429499999999942617e+01,3.575359282432947872e+00,3.575500575088185862e+00
9.316963287865371868e+00,9.363898188028366931e+00,1.258024999999936711e+01,9.382248914481852609e+00,1.945505661986213441e+00,1.945371202684303524e+00
0.000000000000000000e+00,0.000000000000000000e+00,0.000000000000000000e+00,0.000000000000000000e+00,0.000000000000000000e+00,0.000000000000000000e+00
-2.603145737966859219e+00,-2.410930824670785011e+00,-2.407634450798776360e+00,5.336833311795265988e-01,-9.301359925250197946e+00,-9.380844100711739131e+00
1.286559727476028980e+00,1.406976688241899254e+00,1.574235726365459387e+00,5.209976388983610818e+00,-5.338241471267443750e+00,-5.261769072027046690e+00
-1.337330076847188298e+00,-1.507714854582450581e+00,-1.169016306266103200e+00,1.614403506504770824e+00,-8.404910588358328383e+00,-8.477168952584932526e+00
-2.545875237821310311e+00,-1.560802859183253677e+00,5.336833311795265988e-01,-2.136900217912423017e+00,-9.176195769764992960e+00,-9.059960689410329948e+00
0.000000000000000000e+00,0.000000000000000000e+00,0.000000000000000000e+00,0.000000000000000000e+00,0.000000000000000000e+00,0.000000000000000000e+00
-2.656239378699455145e+00,5.336833311794983992e-01,-8.449949703161673265e-01,-2.308148947900578563e+00,-9.266263384187269025e+00,-9.153245928199853054e+00
-9.411418567033237592e-03,1.491606597726000016e+00,3.949477569534407984e+00,4.987023939299747854e-01,-6.332247305771293355e+00,-6.574823881310182472e+00
1.269346093689931454e+00,1.186290015934079234e+00,1.364204683661119688e+00,5.209976388983610818e+00,-5.247926319623586799e+00,-5.326750984207668793e+00
-2.795518367906796531e+00,-2.627106680682595119e+00,-2.334550302206534589e+00,5.336833311795265988e-01,-9.524947816837805448e+00,-9.615914279687105548e+00
0.000000000000000000e+00,0.000000000000000000e+00,0.000000000000000000e+00,0.000000000000000000e+00,0.000000000000000000e+00,0.000000000000000000e+00
-1.757662421180366419e+00,-1.821850562410141539e+00,-1.389258920897199490e+00,1.614403506504770824e+00,-8.606565395870529045e+00,-8.576065141048102802e+00
-6.547790325794980992e-01,-6.700509591776241392e-01,2.752003691057665513e+00,-4.349193697489144861e-01,-7.334551961572522316e+00,-7.472842857538457118e+00
1.230228575574852989e+00,1.152030064610746862e+00,5.209976388983610818e+00,1.511422461287916796e+00,-5.156081523727213067e+00,-5.395992633144471640e+00
-6.526147543770035586e-01,-4.840499967693477901e-01,2.752003691057665513e+00,-3.190486154517677697e-01,-7.366548495739785984e+00,-7.510334575109514965e+00
0.000000000000000000e+00,0.000000000000000000e+00,0.000000000000000000e+00,0.000000000000000000e+00,0.000000000000000000e+00,0.000000000000000000e+00
9.309757247897330501e+00,9.371543354131786074e+00,9.389454138983383658e+00,1.258024999999936711e+01,1.946481911064695369e+00,1.942459364216414297e+00
9.268203287676749724e+00,1.254492388725369167e+01,1.258024999999936711e+01,9.389798978269430663e+00,1.946328787014369288e+00,1.946691976756500519e+00
9.289340039410740602e+00,9.358446728216355481e+00,9.389316336090381299e+00,1.258024999999936711e+01,1.941896034489043021e+00,1.946148955197582575e+00
1.084061057800927053e+01,1.091126407941487386e+01,1.429499999999942617e+01,1.093999135429349323e+01,3.572397307721930204e+00,3.575393725019238467e+00
0.000000000000000000e+00,0.000000000000000000e+00,0.000000000000000000e+00,0.000000000000000000e+00,0.000000000000000000e+00,0.000000000000000000e+00
-3.489061812543358343e+00,-3.715973650515819848e+00,-4.188541855384479540e+00,-4.930008353854182790e-01,-1.028368225385557722e+01,-1.019440883126591402e+01
-8.047292297550486806e-01,-1.383559605778047485e-01,-9.994450208880818476e-01,3.949477569532308774e+00,-6.099281977401423305e+00,-6.500705813250980292e+00
-3.040727588615438570e+00,-3.297593625381634030e+00,-3.400286883955649486e+00,5.336833311779853872e-01,-9.528861418728553190e+00,-9.146761104036359669e+00
-1.409491149881660688e+00,1.614403506504770824e+00,6.828467508550132292e-01,-1.202790831388216519e+00,-8.272074804955316552e+00,-8.203099591385745626e+00
0.000000000000000000e+00,0.000000000000000000e+00,0.000000000000000000e+00,0.000000000000000000e+00,0.000000000000000000e+00,0.000000000000000000e+00
-3.355901372018740947e+00,1.614349242865651402e+00,-2.355159953988068100e+00,-3.216001182405603398e+00,-6.950549994427688283e+00,-7.319775605282572428e+00
1.259204957318983631e+00,5.209976388983610818e+00,3.920253471384940624e+00,1.488216010305545511e+00,-5.112376804202034997e+00,-5.109537514812872772e+00
-5.769915451394016515e-01,-5.513131771231961631e-01,-4.878227915346080579e-01,3.949477569533290211e+00,-6.632637050905035636e+00,-6.373142680904398283e+00
-3.999265949459592129e+00,-3.864919343971747079e+00,-4.202212510582033822e+00,-4.930008353822186717e-01,-1.028258195949539022e+01,-1.015243705608993352e+01
0.000000000000000000e+00,0.000000000000000000e+00,0.000000000000000000e+00,0.000000000000000000e+00,0.000000000000000000e+00,0.000000000000000000e+00
-3.203979188433615288e+00,-2.999514935754310940e+00,-3.161457188664275275e+00,5.336833311766439047e-01,-9.478260802710577693e+00,-9.153635636794618335e+00
3.949477569534407984e+00,1.092539755320456329e+00,4.977984095886638927e-01,1.109050216685411927e+00,-6.404233547266470872e+00,-6.303218924082035990e+00
6.536817251561741315e+00,3.225134446180991876e+00,2.899560456179286483e+00,3.435787252919131785e+00,-3.911055245372811573e+00,-3.847849094211056808e+00
3.949477569534407984e+00,1.151890400179339302e+00,6.487501873203577185e-01,1.045796883737716954e+00,-6.288591731241840677e+00,-6.284622170989170087e+00
0.000000000000000000e+00,0.000000000000000000e+00,0.000000000000000000e+00,0.000000000000000000e+00,0.000000000000000000e+00,0.000000000000000000e+00
7.908074450930837607e+00,7.922567542534985741e+00,7.809409006607189951e+00,1.095123749999930851e+01,3.983035197355979662e-01,3.955434599394656581e-01
1.095019925921304527e+01,1.429499999999942617e+01,1.429231271589686081e+01,1.094960581684949119e+01,3.579492694691837951e+00,3.579833112996635869e+00
7.922325301659641106e+00,7.918123959964210812e+00,7.890296947514889858e+00,1.095123749999930851e+01,3.987852658242739823e-01,4.001933476346244412e-01
1.609999999999948983e+01,1.257963130677895869e+01,1.257769655448539758e+01,1.257955864527532874e+01,5.294733378576994554e+00,5.294727421730871519e+00
0.000000000000000000e+00,0.000000000000000000e+00,0.000000000000000000e+00,0.000000000000000000e+00,0.000000000000000000e+00,0.000000000000000000e+00
-5.862150069875937675e+00,-5.775918740765937365e+00,-5.621924215809221970e+00,-1.627399008115245627e+00,-9.263723491163794677e+00,-8.734220460719878787e+00
-3.806404258842010169e+00,-3.687438691762892518e+00,-3.781929023815390423e+00,2.620616937742287877e+00,-5.671664406298485339e+00,-6.843730201624635079e+00
-5.169688848147862892e+00,-5.348912970225423891e+00,-5.032423159238880395e+00,-5.855773193877403804e-01,-9.014226842663754624e+00,-8.886061190655537345e+00
-2.929989789469680250e+00,2.751982288066362248e+00,-2.215272874132308445e+00,-2.576487104355741575e+00,-6.964132520852306385e+00,-7.305746486725205990e+00
0.000000000000000000e+00,0.000000000000000000e+00,0.000000000000000000e+00,0.000000000000000000e+00,0.000000000000000000e+00,0.000000000000000000e+00
-2.773093106331881774e+00,2.751952774886845532e+00,-2.608630520023786037e+00,-2.806610773006628534e+00,-6.564901680539306561e+00,-6.624672586504423144e+00
-5.903288532829152890e-01,6.536809297655332252e+00,4.900170230207688271e-01,-8.224473146527366829e-01,-4.496544429198072734e+00,-4.423155050057388848e+00
-3.448182170663553592e+00,-3.623391906340174717e+00,-2.620736816874706498e+00,2.750960342419084270e+00,-7.148530558922720601e+00,-7.323979112357181798e+00
-6.101507410725840685e+00,-6.243146742000480920e+00,-6.018334628490698002e+00,-1.580103952446901827e+00,-1.047215294240183781e+01,-9.160832642589365804e+00
0.000000000000000000e+00,0.000000000000000000e+00,0.000000000000000000e+00,0.000000000000000000e+00,0.000000000000000000e+00,0.000000000000000000e+00
-5.726671075517108633e+00,-5.753277716188844870e+00,-5.566726957316931568e+00,-5.661805772369372658e-01,-1.020576187600906337e+01,-8.783793545746108933e+00
-2.678260771631908899e+00,-3.674298520824099690e+00,-3.107187868282098808e+00,2.714353509802015285e+00,-6.758577577130465919e+00,-6.811163664004336482e+00
-4.430978359646052800e-01,-1.439577916134066715e+00,-7.990289729337014535e-01,5.209830697462122906e+00,-5.243797205861580935e+00,-4.692831249106236058e+00
-2.938792879808858949e+00,-3.406640976005902655e+00,-3.219615846304705542e+00,2.723162792430235513e+00,-7.542025725696105631e+00,-6.494420492729670258e+00
0.000000000000000000e+00,0.000000000000000000e+00,0.000000000000000000e+00,0.000000000000000000e+00,0.000000000000000000e+00,0.000000000000000000e+00
-4.319915017544273539e-01,-5.098961098920843371e-01,-5.521770601829414371e-01,9.385075552289009693e+00,-2.344313921084117958e+00,-2.582157401094700155e+00
7.508513850414424873e+00,1.609999999950721516e+01,8.404866921662087265e+00,7.222708587070409969e+00,2.686477708741895842e+00,2.824319133876299404e+00
4.672088687981430510e-01,7.446168926682876776e-01,3.814661922356962220e-01,9.402546808311086579e+00,-2.329720571995523848e+00,-2.527955142496761010e+00
4.576044360718931614e+00,3.674433375746556152e+00,5.232252344706824765e+00,1.429495294544370765e+01,6.551984120729310579e-01,1.118533714524399647e+00
0.000000000000000000e+00,0.000000000000000000e+00,0.000000000000000000e+00,0.000000000000000000e+00,0.000000000000000000e+00,0.000000000000000000e+00
-4.204565661728524972e+00,1.587099307381502067e+00,-3.732513284273109022e+00,-3.890919485316091553e+00,-7.631478891892649052e+00,-7.158576673417685221e+00
-2.018860490541283692e+00,6.513864327428348311e+00,-1.197918417853021777e+00,-1.355038783950466286e+00,-4.664131067323290303e+00,-5.142845823195133725e+00
-3.586864226759545637e+00,2.720097911120286316e+00,-3.402296428037871578e+00,-3.043600733799800562e+00,-6.640124033808224802e+00,-6.985179769901713520e+00
-6.021747307522733017e+00,-2.414902353610018704e+00,-5.677228941803298845e+00,-5.779502748146904345e+00,-9.982831281250282629e+00,-9.935219264492356928e+00
0.000000000000000000e+00,0.000000000000000000e+00,0.000000000000000000e+00,0.000000000000000000e+00,0.000000000000000000e+00,0.000000000000000000e+00
-6.189036375864646722e+00,-2.424291369123247719e+00,-5.811796925124601998e+00,-5.935228826152100901e+00,-9.858760007551270022e+00,-1.006211848501242123e+01
-4.595916359478281699e+00,5.073027522145086010e-01,-4.097247222682545598e+00,-4.293552798649522551e+00,-7.779213031047930826e+00,-7.185117563964136700e+00
9.403675624999255689e+00,6.134870785303682794e+00,7.496568706889829237e+00,7.455990599751937786e+00,-1.247550538433601419e+00,-1.154705195304370102e+00
3.949477569534407984e+00,1.347041497893425976e+00,2.407518189557407151e+00,2.447858369279567459e+00,-6.282233582920313530e+00,-6.371466165180559749e+00
0.000000000000000000e+00,0.000000000000000000e+00,0.000000000000000000e+00,0.000000000000000000e+00,0.000000000000000000e+00,0.000000000000000000e+00
5.209976388983610818e+00,2.369070082209778327e+00,3.565679048136762841e+00,3.554795574894685117e+00,-5.128979521805337782e+00,-5.129317462035385411e+00
-5.405409091134508515e+00,-5.353331189622400066e-01,-4.726820533664922941e+00,-4.937648671397157685e+00,-8.891698547544542919e+00,-8.915399377446869167e+00
-4.286324675518310201e+00,1.590805936128967257e+00,-3.773800297472917897e+00,-3.762922468319485514e+00,-7.006184188565959481e+00,-6.705311175529831580e+00
-5.431175444196439273e+00,-5.091669211849202403e-01,-4.944764888031029315e+00,-4.826418555256654308e+00,-9.010103699405778599e+00,-8.914109400112529613e+00
0.000000000000000000e+00,0.000000000000000000e+00,0.000000000000000000e+00,0.000000000000000000e+00,0.000000000000000000e+00,0.000000000000000000e+00
1.063921963272895255e+01,1.429499999999942617e+01,1.224843489363526139e+01,1.195470107380677049e+01,3.427585087617057713e+00,3.352321608514913898e+00
5.011844328340328225e+00,7.933491843749248318e+00,6.227897528452018605e+00,6.207022114182509043e+00,-2.556051349080531665e+00,-2.515559491511953460e+00
1.799999999999965183e+01,1.429469176209415515e+01,1.609941649261148910e+01,1.609942636485830647e+01,7.099736238434359414e+00,7.099662932801696691e+00
6.262553405702607989e+00,9.403675624999255689e+00,7.587442566590442361e+00,7.544253107692518334e+00,-1.143270895382088925e+00,-1.142181148495210685e+00
0.000000000000000000e+00,0.000000000000000000e+00,0.000000000000000000e+00,0.000000000000000000e+00,0.000000000000000000e+00,0.000000000000000000e+00
-4.664554490893258354e+00,5.308704861434097033e-01,-4.303683589657242514e+00,-3.905210733015896718e+00,-8.542205440791505566e+00,-7.860288180028744520e+00
-2.438298074078508737e+00,5.207344829888953086e+00,-1.921299562471738609e+00,-1.978803615623785817e+00,-5.654157087333494758e+00,-5.340230618561514930e+00
-4.047760716977935935e+00,1.612380506950557235e+00,-3.622466614728882650e+00,-3.416159186940051384e+00,-7.015369094409363626e+00,-7.728910833530273194e+00
-5.415802681961666920e+00,-1.473951919640026809e+00,-4.628985621904932124e+00,-4.912189850967490834e+00,-9.160805907533166703e+00,-9.294110310780142825e+00
0.000000000000000000e+00,0.000000000000000000e+00,0.000000000000000000e+00,0.000000000000000000e+00,0.000000000000000000e+00,0.000000000000000000e+00
-5.420694751022698377e+00,-1.478137787460335861e+00,-4.695496984836272425e+00,-4.986122099628911286e+00,-9.641530243778538178e+00,-9.460397741534963600e+00
-3.894004276719772228e+00,1.601596964223416242e+00,-2.872252622434548375e+00,-3.224414446058438966e+00,-6.674438218149542301e+00,-6.373691648511384145e+00
-2.478008134320379696e+00,5.208494107498340853e+00,-1.751965304103736631e+00,-2.031573529416490942e+00,-5.964876042170225823e+00,-5.287130883508959656e+00
-4.988543125146156498e+00,5.323522765203714258e-01,-4.922542776896294825e+00,-4.375274352176126591e+00,-8.768747044658104173e+00,-8.712898171837810679e+00
0.000000000000000000e+00,0.000000000000000000e+00,0.000000000000000000e+00,0.000000000000000000e+00,0.000000000000000000e+00,0.000000000000000000e+00
-4.843547105969034483e+00,1.612026484666719828e+00,-4.030670209176804519e+00,-3.886060482039285890e+00,-8.436024551545104444e+00,-8.292553923307512065e+00
-4.506634546842786193e+00,5.291106657679131020e-01,-4.025304462363286540e+00,-4.029209910133260131e+00,-8.175507207237712848e+00,-8.327805698731530981e+00
-3.516124145657402167e+00,2.742071135706005247e+00,-2.048929486513433762e+00,-3.025518389465766678e+00,-5.564627482883090615e+00,-5.926622066252170917e+00
-4.547680663847999405e+00,5.258854320609106514e-01,-3.678731969656753531e+00,-4.260876190663655194e+00,-8.326817359307900901e+00,-8.001668298136793922e+00
0.000000000000000000e+00,0.000000000000000000e+00,0.000000000000000000e+00,0.000000000000000000e+00,0.000000000000000000e+00,0.000000000000000000e+00
-5.594411325347147246e-01,1.256589214736519367e+01,1.330183299784849282e+00,1.573231167165176636e+00,-4.244478658499019064e-01,-9.572203092012518955e-01
-1.193103365800062932e+00,9.389913309461370261e+00,5.347594998399829436e-01,1.247304382909058207e+00,-2.148559146789735586e+00,-2.074346380653366406e+00
-7.973684893294162856e-01,1.256150840838846072e+01,4.078509523262542902e-01,1.227130497711963253e+00,-9.290740573108652312e-01,-7.996701047646558314e-01
-7.625401894057300956e-01,1.093869313960059308e+01,2.260012781978538499e+00,1.182082024843470691e+00,-1.464857076300011052e+00,-1.180096144062735775e+00
0.000000000000000000e+00,0.000000000000000000e+00,0.000000000000000000e+00,0.000000000000000000e+00,0.000000000000000000e+00,0.000000000000000000e+00
-5.029737313035138158e+00,-4.956963333449426190e-01,-4.728690401739954474e+00,-4.216139723955973473e+00,-8.621576124690353282e+00,-9.362025430030756823e+00
-3.123758441927063867e+00,3.944612484923203155e+00,-2.428108423888831080e+00,-1.985807995442129270e+00,-6.035586303842768174e+00,-5.645092558650822490e+00
-4.605113565775122098e+00,5.304389640439354237e-01,-3.977176076296348395e+00,-3.355910621439194941e+00,-7.991215776726256159e+00,-8.259190069694723135e+00
-5.221011921014635071e+00,-4.992105762137545311e-01,-4.742280284626315456e+00,-4.736947647903521741e+00,-8.233521877632719921e+00,-9.089952577764506714e+00
0.000000000000000000e+00,0.000000000000000000e+00,0.000000000000000000e+00,0.000000000000000000e+00,0.000000000000000000e+00,0.000000000000000000e+00
-5.203656095263263559e+00,-4.993711415741731163e-01,-4.621202619184565208e+00,-4.738276421319445930e+00,-9.104324728264915123e+00,-8.955293121861993555e+00
-3.467466496571441237e+00,2.747054241348433123e+00,-2.702798030541484042e+00,-2.872317082212979766e+00,-7.161577983095871680e+00,-6.884785161969690037e+00
-3.232748330318178098e+00,3.945717378715792645e+00,-2.705990041929312806e+00,-1.578060424578614729e+00,-6.657515992155050633e+00,-5.358406562546089269e+00
-5.502373447097425263e+00,-4.965169401827895790e-01,-4.987907876156595144e+00,-5.003570008832598504e+00,-9.620456611925748192e+00,-8.730030218461777736e+00
0.000000000000000000e+00,0.000000000000000000e+00,0.000000000000000000e+00,0.000000000000000000e+00,0.000000000000000000e+00,0.000000000000000000e+00
-4.946163997917069288e+00,5.289750971085094289e-01,-4.308515903306754602e+00,-4.258323364079364737e+00,-8.372627431728629332e+00,-9.038145596498482703e+00
-4.323463230947681701e+00,1.610228117634586287e+00,-3.645071412958821089e+00,-3.800420101292957931e+00,-8.405813074245093830e+00,-7.730868150540048944e+00
-2.713086262900838541e+00,3.944951117384830397e+00,-2.802529000434436757e+00,-2.548208510000733007e+00,-5.920107440046330716e+00,-6.248810798120664423e+00
-4.246134338279802023e+00,1.612291636764591862e+00,-3.841315337725664580e+00,-3.842095308737878856e+00,-7.816837866073202079e+00,-7.781434379980602500e+00
0.000000000000000000e+00,0.000000000000000000e+00,0.000000000000000000e+00,0.000000000000000000e+00,0.000000000000000000e+00,0.000000000000000000e+00
-8.016227041292346422e-01,1.093805731984865126e+01,1.514430895266282828e+00,2.129716683154589951e+00,-1.475984536349593368e+00,-9.263459191337776177e-01
-1.050133229373779509e+00,1.093216274515340736e+01,1.391817580747330529e+00,9.835234428343181401e-02,-1.476869534713802334e+00,-9.794264270354622326e-01
-9.454228164305323867e-01,1.093559673933891929e+01,1.243283086680415872e+00,5.152082977872597391e-01,-1.602458359582736191e+00,-1.360808240082120868e+00
-7.168893703687795327e-01,1.256636257492861652e+01,1.850278883543897468e+00,1.155833687308759350e+00,-6.965065195656233721e-01,-8.929630855614747453e-01
0.000000000000000000e+00,0.000000000000000000e+00,0.000000000000000000e+00,0.000000000000000000e+00,0.000000000000000000e+00,0.000000000000000000e+00
-5.321150714887945554e+00,-1.468382314201920114e+00,-5.339174770509949042e+00,-4.852752289288030596e+00,-9.724694167505248288e+00,-1.024334169690568075e+01
-3.350603519682050280e+00,2.751952172266938224e+00,-2.502424213514938600e+00,-2.411528649515736422e+00,-7.010269519706199937e+00,-7.265115534891924298e+00
-5.051607363948865448e+00,-4.930337698207082342e-01,-4.843589046640487616e+00,-4.053665021566966509e+00,-9.463931840514028693e+00,-8.926151796434522723e+00
-4.345084453760564180e+00,5.305075999139490239e-01,-3.657940329191700091e+00,-3.618576439495377439e+00,-8.002062304031849038e+00,-7.927058877224746780e+00
0.000000000000000000e+00,0.000000000000000000e+00,0.000000000000000000e+00,0.000000000000000000e+00,0.000000000000000000e+00,0.000000000000000000e+00
-4.477109741888463113e+00,5.096924656131039955e-01,-3.923943029459287857e+00,-3.978648335907158273e+00,-6.689395267832416891e+00,-7.757469033672215630e+00
-2.731510034939363063e+00,3.943925897468195885e+00,-2.044200870773019929e+00,-1.680468333727656471e+00,-5.153751243181300623e+00,-5.474910501831455889e+00
-3.685248597351034494e+00,2.745961372525335342e+00,-3.944594973770532143e+00,-3.302075979181576137e+00,-6.974962456855141824e+00,-7.386617347014685642e+00
-5.936873775506207096e+00,-1.468400566149585806e+00,-5.629093410622600047e+00,-4.896597481742516855e+00,-9.709774777161918280e+00,-1.007468714750990912e+01
0.000000000000000000e+00,0.000000000000000000e+00,0.000000000000000000e+00,0.000000000000000000e+00,0.000000000000000000e+00,0.000000000000000000e+00
-5.609326890382083874e+00,-4.930594227835774501e-01,-5.356208612225510812e+00,-4.163510691686691523e+00,-9.538679387802831755e+00,-9.665565939730308642e+00
5.209976388983610818e+00,2.405251209871214879e+00,1.845727997335943060e+00,3.626851901991114069e+00,-5.159324035006362941e+00,-5.154810513556746798e+00
7.933491843749248318e+00,4.801207795680857870e+00,4.531796390282157638e+00,6.162567494715420757e+00,-2.587487380122068359e+00,-2.559596585636702670e+00
5.209976388983610818e+00,2.329501206287337034e+00,2.050610057099956141e+00,3.622588975559778657e+00,-5.114521803782521303e+00,-5.126659624306235230e+00
0.000000000000000000e+00,0.000000000000000000e+00,0.000000000000000000e+00,0.000000000000000000e+00,0.000000000000000000e+00,0.000000000000000000e+00
6.229083933001691165e+00,9.403675624999255689e+00,5.279327693427212864e+00,7.589029986614377776e+00,-1.136746340642667219e+00,-1.134618230988422516e+00
9.066228563009993024e+00,1.258024999999936711e+01,1.153361015395762657e+01,1.056721728754993173e+01,1.771417075517617734e+00,1.798894774652650685e+00
6.273594956629638730e+00,9.403675624999255689e+00,5.731478889136450761e+00,7.587213287213306678e+00,-1.121770019969639431e+00,-1.143052044402639744e+00
1.799999999999965183e+01,1.429412366109065502e+01,1.429148965585188513e+01,1.609968438281374503e+01,7.099623109382607211e+00,7.099694975644637474e+00
0.000000000000000000e+00,0.000000000000000000e+00,0.000000000000000000e+00,0.000000000000000000e+00,0.000000000000000000e+00,0.000000000000000000e+00
-6.103364612774616837e+00,-5.716186919764021823e+00,-5.737106829255091967e+00,-2.423332681292977409e+00,-1.009413578648088716e+01,-1.046577685272777636e+01
-4.212022684654610494e+00,-3.369034645115307480e+00,-3.816623075372831853e+00,1.584128595288996300e+00,-7.354723877447383984e+00,-6.657794839260549935e+00
-5.646201707766148381e+00,-4.801165605381982893e+00,-5.202062664911694334e+00,-1.494485609103174850e+00,-8.179394255347503417e+00,-8.459455713083929851e+00
-4.142551649203143782e+00,1.579570498219978303e+00,-3.676097565020793212e+00,-3.777881446423227096e+00,-7.475316686413297163e+00,-7.650520558235050395e+00
0.000000000000000000e+00,0.000000000000000000e+00,0.000000000000000000e+00,0.000000000000000000e+00,0.000000000000000000e+00,0.000000000000000000e+00
-4.324298995976386450e+00,1.594879040728270025e+00,-4.116431878350379492e+00,-4.041587104046092449e+00,-8.423291070004959025e+00,-7.299640225106253766e+00
-2.465981733950574295e+00,5.195873370386025591e+00,-1.961452800279453568e+00,-1.951161821849867195e+00,-4.818996010258014273e+00,-4.711428314602310152e+00
-4.457152786523051802e+00,1.560886929801228007e+00,-4.129428187206921841e+00,-3.590483496271757335e+00,-8.109060195827424877e+00,-7.162887802522610592e+00
-6.485142116458948003e+00,-5.760415674182148393e+00,-6.282541156933321602e+00,-2.431530509807510843e+00,-1.059233238411326106e+01,-1.034458028924063910e+01
0.000000000000000000e+00,0.000000000000000000e+00,0.000000000000000000e+00,0.000000000000000000e+00,0.000000000000000000e+00,0.000000000000000000e+00
-6.109858310325315678e+00,-5.565032794978056252e+00,-6.112646019875028536e+00,-1.499489117250906611e+00,-1.014741597723705269e+01,-9.463256857085939444e+00
-2.555444583945279735e+00,-2.843121596405293605e+00,-2.636699293393012233e+00,3.924592249566988489e+00,-6.392838261248770415e+00,-6.064524534074887896e+00
-8.361108138323015693e-01,-1.396753720357741368e+00,-8.914597050311625637e-01,6.523384322243018119e+00,-4.033138658144919120e+00,-4.320939914183275832e+00
-2.208090537413892829e+00,-2.798591844117908067e+00,-2.732560748203932466e+00,3.928148625918436387e+00,-6.023196962238617225e+00,-6.835309871587647912e+00
0.000000000000000000e+00,0.000000000000000000e+00,0.000000000000000000e+00,0.000000000000000000e+00,0.000000000000000000e+00,0.000000000000000000e+00
-1.196110103175833661e+00,-6.776599008489615494e-01,-1.397758661977677841e+00,7.643847521883595064e+00,-2.898775773384493881e+00,-3.641326524991203240e+00
1.253497354921049300e+00,1.428215684039536626e+01,1.999388890151245102e+00,2.298965177094267176e+00,-7.814036046760162169e-01,-4.074313981479308483e-02
-1.298502282066656521e+00,-4.681336352162455694e-01,-1.505484733036024814e+00,7.780733647954130916e+00,-4.042795604054136405e+00,-2.601394608913675022e+00
5.500005813977336899e+00,3.599542451644650143e+00,4.311636200277945363e+00,1.609968167842444586e+01,1.706907359422135118e+00,1.528208256696225620e+00
0.000000000000000000e+00,0.000000000000000000e+00,0.000000000000000000e+00,0.000000000000000000e+00,0.000000000000000000e+00,0.000000000000000000e+00
-4.556044402517246183e+00,-2.109487222220102765e-01,-4.552066290737329268e+00,-4.637269578808309589e+00,-7.390695259158126973e+00,-8.467489332036192806e+00
-2.286177160386151375e+00,4.471719473706788683e+00,-2.434057688954418097e+00,-2.769739726738477792e+00,-3.761965942697948151e+00,-5.622230936554507785e+00
-4.021523136443783564e+00,8.717210362457489259e-01,-4.013524401455464741e+00,-3.900890268281968609e+00,-6.960303537591432388e+00,-6.371408819797470535e+00
-6.283491022681300109e+00,-3.743110293337648997e+00,-6.273923193929338282e+00,-6.268266206530534568e+00,-9.592593515265800619e+00,-9.364561201054295125e+00
0.000000000000000000e+00,0.000000000000000000e+00,0.000000000000000000e+00,0.000000000000000000e+00,0.000000000000000000e+00,0.000000000000000000e+00
-6.425443010908139740e+00,-3.810587062563465022e+00,-6.457136559914956386e+00,-6.422314142612257193e+00,-9.100522740018240242e+00,-9.172403293356966358e+00
-4.986961197909820953e+00,-1.131426877687905286e+00,-5.058404716465084050e+00,-4.990413164629530662e+00,-8.112634827546925109e+00,-7.991687640349370625e+00
8.973882057319505279e+00,7.494319492859228937e+00,8.903897775595375208e+00,9.063692068431050686e+00,1.095123749999930851e+01,2.010158419549855358e-01
3.624298182794376988e+00,2.447550391011140913e+00,3.634095081543711636e+00,3.668863728786583955e+00,5.209976388983610818e+00,-5.084868750003010085e+00
0.000000000000000000e+00,0.000000000000000000e+00,0.000000000000000000e+00,0.000000000000000000e+00,0.000000000000000000e+00,0.000000000000000000e+00
4.853518788797601680e+00,3.545842646969534329e+00,4.802558664142713596e+00,4.865936633854200721e+00,6.536817251561741315e+00,-3.915970789039300737e+00
-5.653279328326563657e+00,-2.203573214093331956e+00,-5.667361523980567917e+00,-5.541594649131194039e+00,-9.177340458797555556e+00,-8.734130300154246740e+00
-4.543287211633893818e+00,-9.521968166684986745e-02,-4.572708437362127398e+00,-4.584350416154339136e+00,-7.171156424483571712e+00,-8.109116245064662110e+00
-5.603015874555154596e+00,-1.959663422092501994e+00,-5.682356577315763602e+00,-5.673491433901411973e+00,-9.360945645726888031e+00,-9.622901930189394548e+00
0.000000000000000000e+00,0.000000000000000000e+00,0.000000000000000000e+00,0.000000000000000000e+00,0.000000000000000000e+00,0.000000000000000000e+00
1.055546181043373544e+01,1.258024999999936711e+01,1.053471051077661258e+01,1.052265500365669482e+01,1.738883309527327281e+00,8.995381485236391583e+00
4.973080916619693426e+00,6.536817251561741315e+00,4.837630050452808916e+00,4.956474012631835180e+00,-3.864935557944339628e+00,3.714135761676975012e+00
1.799933792678245936e+01,1.609944053869065783e+01,1.799926873030556607e+01,1.799934647210679728e+01,8.999622934697923071e+00,1.999999999999982236e+01
6.088592127570950474e+00,7.933491843749248318e+00,6.121419349273693911e+00,6.150025389674956600e+00,-2.583239573053095040e+00,4.781909967977236775e+00
0.000000000000000000e+00,0.000000000000000000e+00,0.000000000000000000e+00,0.000000000000000000e+00,0.000000000000000000e+00,0.000000000000000000e+00
-5.095051875612957026e+00,-8.780259554951895806e-01,-5.199959647029566590e+00,-5.172647810263757862e+00,-8.794477230322739203e+00,-9.315614842584331257e+00
-3.023406567680360979e+00,3.449300557610990303e+00,-3.235023902307137433e+00,-3.069973445148055369e+00,-5.314013790500865753e+00,-6.258448191862066246e+00
-4.465233455573145882e+00,1.778125557539378399e-01,-4.760583301761681874e+00,-4.404880882093644701e+00,-6.891166918081968795e+00,-7.995737706758954566e+00
-5.612539245953733769e+00,-2.803178758441762675e+00,-5.598437742298146169e+00,-5.631360901701924604e+00,-9.448127683972003865e+00,-8.839751255375269068e+00
0.000000000000000000e+00,0.000000000000000000e+00,0.000000000000000000e+00,0.000000000000000000e+00,0.000000000000000000e+00,0.000000000000000000e+00
-5.681534096482543816e+00,-2.815394958868057351e+00,-5.592905155812836426e+00,-5.678820794362721358e+00,-9.235663555159389304e+00,-9.478519798392941453e+00
-4.145632094211468832e+00,-5.101741831030419394e-02,-3.978957825613772759e+00,-4.213334880206241806e+00,-7.410582103773578844e+00,-7.100801580626214360e+00
-3.592719604723996873e+00,3.472226488457699212e+00,-3.484468559596833881e+00,-3.283617595972911030e+00,-5.643313874661425089e+00,-5.408408933444149191e+00
-5.442187259475199212e+00,-7.997509224023111596e-01,-5.596754659273573296e+00,-5.508135184958318220e+00,-9.620670526418457769e+00,-9.349264611138181635e+00
0.000000000000000000e+00,0.000000000000000000e+00,0.000000000000000000e+00,0.000000000000000000e+00,0.000000000000000000e+00,0.000000000000000000e+00
-5.111913981490837422e+00,6.239964615719377494e-02,-5.225694161683591688e+00,-5.046067038334999033e+00,-9.107432946009110353e+00,-7.784308745179501443e+00
-4.908492229586589595e+00,-8.392668606286297628e-01,-4.796015991383479893e+00,-4.926866445054012722e+00,-6.396916816717916454e+00,-7.907982847459749998e+00
-3.757129780444166123e+00,1.051270479223278764e+00,-3.686368572936107313e+00,-3.703952287845180269e+00,-6.277077543542647575e+00,-6.575521498300648915e+00
-4.917220171880436475e+00,-8.838278260397792740e-01,-4.686765757929036269e+00,-4.986145177088776137e+00,-7.256348162446503380e+00,-7.932779759780181017e+00
0.000000000000000000e+00,0.000000000000000000e+00,0.000000000000000000e+00,0.000000000000000000e+00,0.000000000000000000e+00,0.000000000000000000e+00
-6.499467140001434773e-01,2.129331719708482229e+00,-6.885541270623108945e-01,-6.568129480047975033e-01,-9.661497637890161805e-01,-1.257420424294669825e+00
-1.104658743248449593e+00,4.347410832614476695e-01,-1.106213197791975800e+00,-1.117037198677881094e+00,-1.747299218559836387e+00,-1.278776902503591328e+00
-7.739841891351338932e-01,9.534142664045219817e-01,-7.907610382547686223e-01,-7.839648878146786570e-01,-1.625650893360478522e+00,-1.632585646257997958e+00
-7.728551004161097193e-01,1.520930273710440650e+00,-7.513617283733957652e-01,-7.641278565866355121e-01,-1.352428806978972942e+00,-1.439895569726091562e+00
0.000000000000000000e+00,0.000000000000000000e+00,0.000000000000000000e+00,0.000000000000000000e+00,0.000000000000000000e+00,0.000000000000000000e+00
-5.242156078789851570e+00,-1.785229248206542607e+00,-5.308348542340230125e+00,-5.284587488799533439e+00,-7.660319842990484851e+00,-7.884991511551957544e+00
-3.433234202472827512e+00,2.047535150229192524e+00,-3.157565522391055257e+00,-3.223658756649379509e+00,-5.332572987204171611e+00,-6.504352950624992857e+00
-4.718632334205227430e+00,-8.891014415116739178e-01,-4.724697164302209096e+00,-4.561123970313205156e+00,-7.416630282530855212e+00,-7.262984367134978747e+00
-5.516672464859921909e+00,-1.993992708690640825e+00,-5.481071993383642926e+00,-5.528572007291592705e+00,-8.521866729142066887e+00,-9.319274781112616424e+00
0.000000000000000000e+00,0.000000000000000000e+00,0.000000000000000000e+00,0.000000000000000000e+00,0.000000000000000000e+00,0.000000000000000000e+00
-5.456281500891329905e+00,-1.945680554334807244e+00,-5.475538056492113448e+00,-5.530713042671902002e+00,-8.132894876450492916e+00,-8.889788043799038419e+00
-4.030029182512048891e+00,1.218103514279773147e+00,-3.832032700340906040e+00,-4.093403275182827095e+00,-6.697155542227557490e+00,-6.707906519967234971e+00
-3.566615449005982263e+00,2.206564071914700165e+00,-3.430735842125030022e+00,-3.498849028557297736e+00,-6.180157251864444312e+00,-6.448599477173181604e+00
-5.861706534313984029e+00,-1.827827660658479569e+00,-5.677744082465571829e+00,-5.570978515910431916e+00,-9.916870010580245420e+00,-9.631472602370902081e+00
0.000000000000000000e+00,0.000000000000000000e+00,0.000000000000000000e+00,0.000000000000000000e+00,0.000000000000000000e+00,0.000000000000000000e+00
-5.453788674993544028e+00,-9.334927912280579498e-01,-5.404080099961862338e+00,-5.356586289567676573e+00,-8.456388269756166309e+00,-8.858110084232105663e+00
-4.704481555759405076e+00,1.011673456777316404e-01,-4.850248128201715581e+00,-4.806698409931041027e+00,-8.019217923203266096e+00,-8.024728022908899305e+00
-3.498807016001384884e+00,2.220418255378207917e+00,-3.751295030373928530e+00,-3.577989053028739708e+00,-6.291516154300627939e+00,-6.178281710247986780e+00
-4.813864073652194264e+00,1.781567279196560605e-01,-4.831866594202818277e+00,-4.892692863831613614e+00,-8.398049700469060852e+00,-7.565592144515191464e+00
0.000000000000000000e+00,0.000000000000000000e+00,0.000000000000000000e+00,0.000000000000000000e+00,0.000000000000000000e+00,0.000000000000000000e+00
-7.261745778722311639e-01,1.172797759770862092e+00,-7.333547388604121364e-01,-7.215720401315570687e-01,-9.908101568645211188e-01,-1.437020090404700579e+00
-1.041576440472675502e+00,2.742012019626083319e-01,-1.031292499098829696e+00,-1.054982873374528340e+00,-2.238641039149546597e+00,-1.653593552932597355e+00
-8.224693766188413413e-01,3.039931913274114827e-01,-8.216007934198025220e-01,-8.240235880157996684e-01,-1.442703820328896436e+00,-1.457776512153877491e+00
-7.265919303557328845e-01,1.379359990579299700e+00,-7.181814916089312995e-01,-7.259750967487973439e-01,-1.250497709820252767e+00,-1.452446490673555468e+00
0.000000000000000000e+00,0.000000000000000000e+00,0.000000000000000000e+00,0.000000000000000000e+00,0.000000000000000000e+00,0.000000000000000000e+00
-6.050049494498402680e+00,-2.565802345690594066e+00,-6.215690197891159841e+00,-6.102405763192523480e+00,-9.568640886443301241e+00,-1.014579177352356432e+01
-4.252121203907534230e+00,1.244936937669698152e+00,-4.458132876744957507e+00,-4.248454936859669573e+00,-6.456123280819667798e+00,-7.385029360586636393e+00
-5.460634680887317849e+00,-1.694351316931162144e+00,-5.561828416804299735e+00,-5.520845338539444924e+00,-8.870420511219762716e+00,-8.827169648824570558e+00
-4.537170337717232549e+00,-9.309207113595781014e-01,-4.492231746516027080e+00,-4.578994037391472816e+00,-7.131755381362920865e+00,-7.243265287121086971e+00
0.000000000000000000e+00,0.000000000000000000e+00,0.000000000000000000e+00,0.000000000000000000e+00,0.000000000000000000e+00,0.000000000000000000e+00
-4.822083372512404154e+00,-1.143139554701001925e+00,-4.771307257702985360e+00,-4.778469765476356379e+00,-7.885742853166701316e+00,-8.068419123083318212e+00
-3.183192536781116022e+00,2.165003312269594193e+00,-2.878926126575424682e+00,-3.167974203307520664e+00,-5.534175197015882119e+00,-5.538168431861040020e+00
-4.564174982636136413e+00,1.200449615706708384e+00,-4.655268833755443758e+00,-4.505911691913813577e+00,-7.885297158122434702e+00,-6.173213364065984088e+00
-6.427280654400772342e+00,-2.635865970159065430e+00,-6.660314324209791081e+00,-6.494917706244364375e+00,-9.908334342858665877e+00,-1.046834718260071462e+01
0.000000000000000000e+00,0.000000000000000000e+00,0.000000000000000000e+00,0.000000000000000000e+00,0.000000000000000000e+00,0.000000000000000000e+00
-6.130858568086444471e+00,-1.813173694605840325e+00,-6.240078454611799330e+00,-6.073354688172621252e+00,-9.470241763974282634e+00,-1.032597568429712531e+01
4.858500426982570453e+00,3.472100191054426244e+00,3.260580705897460518e+00,4.851668984083044478e+00,6.536817251561741315e+00,-3.899676759751239619e+00
7.529197381174214776e+00,6.171786350259059972e+00,5.827070102014817010e+00,7.575307783918051818e+00,9.403675624999255689e+00,-1.187846870314096970e+00
4.883644217656247122e+00,3.574870136794980002e+00,3.492018016235671318e+00,4.936027857547005127e+00,6.536817251561741315e+00,-3.893647515052533148e+00
0.000000000000000000e+00,0.000000000000000000e+00,0.000000000000000000e+00,0.000000000000000000e+00,0.000000000000000000e+00,0.000000000000000000e+00
6.149574150757334046e+00,7.933491843749248318e+00,3.828545302432388997e+00,6.172740075753647027e+00,-2.589182217492671079e+00,4.846627055427061848e+00
8.920305829593651481e+00,1.095123749999930851e+01,8.113271640727857559e+00,9.000423721578695080e+00,2.910620192540723239e-01,7.541059123924414465e+00
6.190055710985564730e+00,7.933491843749248318e+00,3.950834376084509714e+00,6.169730184859529842e+00,-2.546327091270179199e+00,4.856169232158249471e+00
1.799823151248008557e+01,1.609897877975015135e+01,1.609007491906200116e+01,1.799901428380168866e+01,8.999554843553964290e+00,1.999999999999982236e+01
0.000000000000000000e+00,0.000000000000000000e+00,0.000000000000000000e+00,0.000000000000000000e+00,0.000000000000000000e+00,0.000000000000000000e+00
-6.230207170805458716e+00,-3.792191261707939631e+00,-6.236312800062243866e+00,-6.110528609104819431e+00,-1.037215493044698000e+01,-1.048695347824461344e+01
-4.494191572070928231e+00,-1.779331638480054767e-01,-4.583741130587597468e+00,-4.244640904314325169e+00,-7.878767903070253098e+00,-6.741398090794919362e+00
-5.814708867550402616e+00,-2.938270578739776706e+00,-5.688612841635648287e+00,-5.576530362074789693e+00,-9.463468225875296014e+00,-9.044265790467113320e+00
-4.436245751482608135e+00,-2.154587101175090280e-01,-4.437218263900129855e+00,-4.432253507954507121e+00,-7.449555894535559553e+00,-8.035939452318146436e+00
0.000000000000000000e+00,0.000000000000000000e+00,0.000000000000000000e+00,0.000000000000000000e+00,0.000000000000000000e+00,0.000000000000000000e+00
-4.602076783033496987e+00,-5.307387181068094067e-02,-4.623023077246113388e+00,-4.744713095102905953e+00,-7.389163501117449684e+00,-8.162887606941199081e+00
-2.830958664707930783e+00,3.376187109173156120e+00,-3.041906957031099257e+00,-3.105152717130037487e+00,-4.155126262510393076e+00,-5.171725018208468860e+00
-4.590006923122850857e+00,-3.216278694974606944e-01,-4.679232997324959342e+00,-4.373266040638070784e+00,-7.843003856110375871e+00,-7.052608577958472402e+00
-6.743506381742116140e+00,-3.970793624742090078e+00,-6.777418414139868119e+00,-6.584719823729622945e+00,-1.000825266594609175e+01,-9.802496824797051644e+00
0.000000000000000000e+00,0.000000000000000000e+00,0.000000000000000000e+00,0.000000000000000000e+00,0.000000000000000000e+00,0.000000000000000000e+00
-6.448628529039700297e+00,-2.961697646903286074e+00,-6.352433665319643374e+00,-6.203781599585488138e+00,-9.863947368352421918e+00,-1.045756456647768040e+01
-1.572166607542004435e+00,-2.343485492184047558e+00,-2.070378516380678491e+00,5.195832907461321426e+00,-5.669769898968759492e+00,-5.110550183510204292e+00
-9.180816235036995954e-01,-1.513525221110886720e+00,-5.894125935409236794e-01,7.913539389651759848e+00,-3.999353532286307189e+00,-3.243829143115858571e+00
-1.800276998678792761e+00,-2.629549976472564055e+00,-1.884466296446542177e+00,5.201121523000939995e+00,-5.489617786169617375e+00,-5.371944742040180465e+00
0.000000000000000000e+00,0.000000000000000000e+00,0.000000000000000000e+00,0.000000000000000000e+00,0.000000000000000000e+00,0.000000000000000000e+00
-1.955642108708723459e+00,-1.238714199862448462e+00,-1.628998486146636893e+00,6.188243049814261099e+00,-4.427838719983558491e+00,-3.899475717038025202e+00
2.525429366511346974e-01,1.174885812652240880e+01,-2.629694920887162835e-01,5.590079789200291804e-01,-1.450892386959856228e+00,-1.898824786505230344e+00
-1.696155555226803502e+00,-1.387352167996048768e+00,-1.673504540509177740e+00,6.230886297100662219e+00,-3.872050392639794225e+00,-3.344969242900202921e+00
4.751857829527863508e+00,3.500296350966612291e+00,5.217908712291033702e+00,1.799907570070138263e+01,1.704928950113393071e+00,1.756108079988032422e+00
